name,gender
James,M
John,M
Robert,M
Michael,M
William,M
David,M
Richard,M
Joseph,M
Thomas,M
Charles,M
Christopher,M
Daniel,M
Matthew,M
Anthony,M
Mark,M
Donald,M
Steven,M
Andrew,M
Paul,M
Joshua,M
Kenneth,M
Kevin,M
Brian,M
George,M
Timothy,M
Ronald,M
Edward,M
Jason,M
Jeffrey,M
Ryan,M
Jacob,M
Gary,M
Nicholas,M
Eric,M
Jonathan,M
Stephen,M
Larry,M
Justin,M
Scott,M
Brandon,M
Benjamin,M
Samuel,M
Raymond,M
Gregory,M
Frank,M
Alexander,M
Patrick,M
Jack,M
Dennis,M
Jerry,M
Tyler,M
Aaron,M
Nathan,M
Henry,M
Peter,M
Adam,M
Douglas,M
Zachary,M
Walter,M
Kyle,M
Harold,M
Carl,M
Arthur,M
Gerald,M
Roger,M
Keith,M
Lawrence,M
Terry,M
Sean,M
Albert,M
Jesse,M
Austin,M
Bruce,M
Willie,M
Ralph,M
Roy,M
Eugene,M
Randy,M
Philip,M
Russell,M
Bobby,M
Howard,M
Louis,M
Wayne,M
Dylan,M
Ethan,M
Jordan,M
Christian,M
Mason,M
Logan,M
Caleb,M
Luke,M
Isaac,M
Connor,M
Elijah,M
Gabriel,M
Owen,M
Liam,M
Noah,M
Aiden,M
Mary,F
Patricia,F
Jennifer,F
Linda,F
Barbara,F
Elizabeth,F
Susan,F
Jessica,F
Sarah,F
Karen,F
Lisa,F
Nancy,F
Betty,F
Margaret,F
Sandra,F
Ashley,F
Dorothy,F
Kimberly,F
Emily,F
Donna,F
Michelle,F
Carol,F
Amanda,F
Melissa,F
Deborah,F
Stephanie,F
Rebecca,F
Sharon,F
Laura,F
Cynthia,F
Kathleen,F
Amy,F
Angela,F
Shirley,F
Anna,F
Brenda,F
Pamela,F
Emma,F
Nicole,F
Helen,F
Samantha,F
Katherine,F
Christine,F
Debra,F
Rachel,F
Carolyn,F
Janet,F
Catherine,F
Maria,F
Heather,F
Diane,F
Ruth,F
Julie,F
Olivia,F
Joyce,F
Virginia,F
Victoria,F
Kelly,F
Lauren,F
Christina,F
Joan,F
Evelyn,F
Judith,F
Megan,F
Andrea,F
Cheryl,F
Hannah,F
Jacqueline,F
Martha,F
Gloria,F
Teresa,F
Ann,F
Sara,F
Madison,F
Frances,F
Kathryn,F
Janice,F
Jean,F
Abigail,F
Alice,F
Judy,F
Sophia,F
Grace,F
Denise,F
Amber,F
Doris,F
Marilyn,F
Danielle,F
Beverly,F
Isabella,F
Theresa,F
Diana,F
Natalie,F
Brittany,F
Charlotte,F
Marie,F
Kayla,F
Alexis,F
Lori,F
Ava,F
Mia,F
Chloe,F
Ella,F
Lily,F
Zoe,F
Leah,F
Allison,F
Savannah,F
Audrey,F
Brooklyn,F
Claire,F
Addison,F
